{
  "main": {
    "id": "50bc58d4821450bd",
    "type": "split",
    "children": [
      {
        "id": "a794b2823a04825d",
        "type": "tabs",
        "children": [
          {
            "id": "956a8e7e2da6f4c7",
            "type": "leaf",
            "state": {
              "type": "markdown",
              "state": {
                "file": "Weekend Reader Week 43 2022.md",
                "mode": "source",
                "source": false
              }
            }
          },
          {
            "id": "aa73b8390c31a82f",
            "type": "leaf",
            "state": {
              "type": "markdown",
              "state": {
                "file": "Weekend Reader Week 43 2022.md",
                "mode": "source",
                "source": false
              }
            }
          },
          {
            "id": "96c38584180367f1",
            "type": "leaf",
            "state": {
              "type": "markdown",
              "state": {
                "file": "Weekend Reader Week 43 2022.md",
                "mode": "preview",
                "source": false
              }
            }
          }
        ],
        "currentTab": 2
      }
    ],
    "direction": "vertical"
  },
  "left": {
    "id": "87961e6bd5f90960",
    "type": "split",
    "children": [
      {
        "id": "df73409bec23ea6d",
        "type": "tabs",
        "children": [
          {
            "id": "a54f27f992123591",
            "type": "leaf",
            "state": {
              "type": "file-explorer",
              "state": {
                "sortOrder": "alphabetical"
              }
            }
          },
          {
            "id": "2007c013364b7e5e",
            "type": "leaf",
            "state": {
              "type": "search",
              "state": {
                "query": "",
                "matchingCase": false,
                "explainSearch": false,
                "collapseAll": false,
                "extraContext": false,
                "sortOrder": "alphabetical"
              }
            }
          },
          {
            "id": "15543f2c104b466b",
            "type": "leaf",
            "state": {
              "type": "starred",
              "state": {}
            }
          }
        ]
      }
    ],
    "direction": "horizontal",
    "width": 200
  },
  "right": {
    "id": "3286db4525bfdefc",
    "type": "split",
    "children": [
      {
        "id": "d4571fbd8d2815de",
        "type": "tabs",
        "children": [
          {
            "id": "ae3261e9964e84e8",
            "type": "leaf",
            "state": {
              "type": "backlink",
              "state": {
                "file": "Weekend Reader Week 43 2022.md",
                "collapseAll": false,
                "extraContext": false,
                "sortOrder": "alphabetical",
                "showSearch": false,
                "searchQuery": "",
                "backlinkCollapsed": false,
                "unlinkedCollapsed": true
              }
            }
          },
          {
            "id": "065b083f2d50e595",
            "type": "leaf",
            "state": {
              "type": "outgoing-link",
              "state": {
                "file": "Weekend Reader Week 43 2022.md",
                "linksCollapsed": false,
                "unlinkedCollapsed": true
              }
            }
          },
          {
            "id": "681bea4ec51d06cc",
            "type": "leaf",
            "state": {
              "type": "tag",
              "state": {
                "sortOrder": "frequency",
                "useHierarchy": true
              }
            }
          },
          {
            "id": "eb01b47c218607b7",
            "type": "leaf",
            "state": {
              "type": "outline",
              "state": {
                "file": "Weekend Reader Week 43 2022.md"
              }
            }
          }
        ]
      }
    ],
    "direction": "horizontal",
    "width": 300,
    "collapsed": true
  },
  "ribbon": {
    "mostRecentAction": ""
  },
  "active": "96c38584180367f1",
  "lastOpenFiles": [
    "Home.md",
    "Pasted image 20221026201315.png",
    "Weekend Reader Week 43 2022.md",
    "Mermaid Gantt.md"
  ]
}